DR_NO,Date Rptd,DATE OCC,TIME OCC,AREA,AREA NAME,Rpt Dist No,Part 1-2,Crm Cd,Crm Cd Desc,Mocodes,Vict Age,Vict Sex,Vict Descent,Premis Cd,Premis Desc,Weapon Used Cd,Weapon Desc,Status,Status Desc,Crm Cd 1,Crm Cd 2,Crm Cd 3,Crm Cd 4,LOCATION,Cross Street,LAT,LON,year
251104037,2025-01-12,10/19/2023 12:00:00 AM,1853,11,Northeast,1102,2,956,"LETTERS, LEWD  -  TELEPHONE CALLS, LEWD",,20,F,W,203.0,OTHER BUSINESS,,,IC,Invest Cont,956.0,,,,4500    COLORADO                     BL,,34.1417,-118.2697,2025
251904041,2025-01-02,01/01/2023 12:00:00 AM,600,19,Mission,1987,2,812,CRM AGNST CHLD (13 OR UNDER) (14-15 & SUSP 10 YRS OLDER),1817 2024 0554 0913 0522 1258,11,F,H,501.0,SINGLE FAMILY DWELLING,400.0,"STRONG-ARM (HANDS, FIST, FEET OR BODILY FORCE)",IC,Invest Cont,812.0,860.0,,,8800    MATILIJA                     AV,,34.2296,-118.4376,2025
251604052,2025-01-14,06/03/2023 12:00:00 AM,1,16,Foothill,1602,1,821,SODOMY/SEXUAL CONTACT B/W PENIS OF ONE PERS TO ANUS OTH,1218 0400 0519 1814 2000 0913,27,F,H,501.0,SINGLE FAMILY DWELLING,400.0,"STRONG-ARM (HANDS, FIST, FEET OR BODILY FORCE)",IC,Invest Cont,821.0,,,,12900    PAXTON                       ST,,34.2827,-118.4139,2025
250904039,2025-01-14,05/29/2024 12:00:00 AM,1400,9,Van Nuys,939,1,341,"THEFT-GRAND ($950.01 & OVER)EXCPT,GUNS,FOWL,LIVESTK,PROD",0344 0329,0,X,X,721.0,HIGH SCHOOL,,,IC,Invest Cont,341.0,,,,13000    OXNARD                       ST,,34.1794,-118.4161,2025
251404133,2025-01-15,12/22/2024 12:00:00 AM,100,14,Pacific,1431,1,352,PICKPOCKET,0344,21,M,W,207.0,BAR/COCKTAIL/NIGHTCLUB,,,IC,Invest Cont,352.0,,,,00    WINDWARD                     AV,,33.9871,-118.4733,2025
251304011,2025-01-02,12/24/2024 12:00:00 AM,1300,13,Newton,1345,2,903,CONTEMPT OF COURT,0913,34,F,H,501.0,SINGLE FAMILY DWELLING,,,IC,Invest Cont,903.0,,,,1200 E  40TH                         PL,,34.0102,-118.2543,2025
250104042,2025-01-08,12/21/2024 12:00:00 AM,2200,1,Central,182,1,330,BURGLARY FROM VEHICLE,0344,27,M,K,502.0,"MULTI-UNIT DWELLING (APARTMENT, DUPLEX, ETC)",,,IC,Invest Cont,330.0,,,,1200 S  FIGUEROA                     ST,,34.0419,-118.2669,2025
251004063,2025-01-17,12/18/2024 12:00:00 AM,1230,10,West Valley,1037,1,341,"THEFT-GRAND ($950.01 & OVER)EXCPT,GUNS,FOWL,LIVESTK,PROD",1822 0344,59,M,H,101.0,STREET,,,IC,Invest Cont,341.0,,,,6500    LOUISE                       AV,,34.1894,-118.5098,2025
251104039,2025-01-12,12/19/2024 12:00:00 AM,1910,11,Northeast,1152,1,420,THEFT FROM MOTOR VEHICLE - PETTY ($950 & UNDER),0344,53,F,W,710.0,OTHER PREMISE,,,IC,Invest Cont,420.0,,,,4400    CLAYTON                      AV,,34.1,-118.2852,2025
251104001,2025-01-01,12/29/2024 12:00:00 AM,1250,11,Northeast,1119,1,352,PICKPOCKET,0344,51,F,W,402.0,MARKET,,,IC,Invest Cont,352.0,,,,1500    COLORADO                     BL,,34.1393,-118.1985,2025
250904067,2025-01-28,09/27/2024 12:00:00 AM,1125,9,Van Nuys,914,2,354,THEFT OF IDENTITY,0928 1822,61,F,W,501.0,SINGLE FAMILY DWELLING,,,IC,Invest Cont,354.0,,,,7000    WILLIS                       AV,,34.1975,-118.4552,2025
251004039,2025-01-06,10/20/2024 12:00:00 AM,1200,10,West Valley,1045,2,354,THEFT OF IDENTITY,1822 1202 0923 0930 0929,69,M,W,501.0,SINGLE FAMILY DWELLING,,,IC,Invest Cont,354.0,,,,17900    EMELITA                      ST,,34.1776,-118.523,2025
251104003,2025-01-01,12/29/2024 12:00:00 AM,1700,11,Northeast,1132,1,480,BIKE - STOLEN,0344,54,M,W,744.0,HIGH-RISE BUILDING,,,IC,Invest Cont,480.0,,,,3000    WAVERLY                      DR,,34.1106,-118.2678,2025
251604001,2025-01-01,12/16/2024 12:00:00 AM,1247,16,Foothill,1677,1,440,THEFT PLAIN - PETTY ($950 & UNDER),0344,26,F,W,504.0,OTHER RESIDENCE,,,IC,Invest Cont,440.0,,,,10000    LANARK                       ST,,34.2182,-118.3485,2025
250404026,2025-01-07,11/29/2024 12:00:00 AM,135,4,Hollenbeck,438,2,745,VANDALISM - MISDEAMEANOR ($399 OR UNDER),0329,0,X,X,109.0,PARK/PLAYGROUND,,,IC,Invest Cont,745.0,,,,5500    CONCORD                      AV,,34.0796,-118.1622,2025
251104038,2025-01-12,12/17/2024 12:00:00 AM,1221,11,Northeast,1184,1,341,"THEFT-GRAND ($950.01 & OVER)EXCPT,GUNS,FOWL,LIVESTK,PROD",0394,41,M,O,501.0,SINGLE FAMILY DWELLING,,,IC,Invest Cont,341.0,,,,1900    ECHO PARK                    AV,,34.0862,-118.2518,2025
251404128,2025-01-15,12/22/2024 12:00:00 AM,220,14,Pacific,1406,1,480,BIKE - STOLEN,1822 0344,40,M,B,502.0,"MULTI-UNIT DWELLING (APARTMENT, DUPLEX, ETC)",,,IC,Invest Cont,480.0,,,,3800    MENTONE                      AV,,34.0198,-118.4049,2025
250504073,2025-01-21,01/02/2024 12:00:00 AM,2359,5,Harbor,559,1,341,"THEFT-GRAND ($950.01 & OVER)EXCPT,GUNS,FOWL,LIVESTK,PROD",,0,,,101.0,STREET,,,IC,Invest Cont,341.0,,,,600    TERMINAL                     WY,,33.743,-118.2625,2025
251304029,2025-01-08,12/16/2024 12:00:00 AM,1125,13,Newton,1352,2,740,"VANDALISM - FELONY ($400 & OVER, ALL CHURCH VANDALISMS)",0329,49,F,H,504.0,OTHER RESIDENCE,,,IC,Invest Cont,740.0,,,,4400    METTLER                      ST,,34.0039,-118.2665,2025
250504065,2025-01-21,12/26/2024 12:00:00 AM,2117,5,Harbor,527,1,341,"THEFT-GRAND ($950.01 & OVER)EXCPT,GUNS,FOWL,LIVESTK,PROD",,0,,,101.0,STREET,,,IC,Invest Cont,341.0,,,,600 W  HARRY BRIDGE                 BL,,33.7626,-118.2687,2025
250604078,2025-01-14,12/27/2024 12:00:00 AM,340,6,Hollywood,615,1,330,BURGLARY FROM VEHICLE,1822 1300 0325 1307,57,M,W,102.0,SIDEWALK,500.0,UNKNOWN WEAPON/OTHER WEAPON,IC,Invest Cont,330.0,,,,3000    LAKE HOLLYWOOD               DR,,34.131,-118.3376,2025
251004098,2025-01-16,05/01/2024 12:00:00 AM,1900,10,West Valley,1061,2,813,CHILD ANNOYING (17YRS & UNDER),0913 0520,16,F,O,108.0,PARKING LOT,,,IC,Invest Cont,813.0,,,,19100    VENTURA                      BL,,34.1726,-118.5507,2025
251404011,2025-01-04,12/27/2024 12:00:00 AM,1448,14,Pacific,1407,1,440,THEFT PLAIN - PETTY ($950 & UNDER),0344,27,M,W,145.0,MAIL BOX,,,IC,Invest Cont,440.0,,,,3400    JASMINE                      AV,,34.0291,-118.4076,2025
251004060,2025-01-15,12/18/2024 12:00:00 AM,1745,10,West Valley,1088,1,341,"THEFT-GRAND ($950.01 & OVER)EXCPT,GUNS,FOWL,LIVESTK,PROD",0913 0344,58,M,O,203.0,OTHER BUSINESS,,,IC,Invest Cont,341.0,,,,16100    VENTURA                      BL,,34.1564,-118.4837,2025
250904041,2025-01-14,12/02/2024 12:00:00 AM,1116,9,Van Nuys,932,1,440,THEFT PLAIN - PETTY ($950 & UNDER),0344 0394,21,M,W,502.0,"MULTI-UNIT DWELLING (APARTMENT, DUPLEX, ETC)",,,IC,Invest Cont,440.0,,,,14800    SYLVAN                       ST,,34.1846,-118.4553,2025
251004029,2025-01-03,12/21/2024 12:00:00 AM,1638,10,West Valley,1023,1,440,THEFT PLAIN - PETTY ($950 & UNDER),1822 0344,50,F,W,721.0,HIGH SCHOOL,,,IC,Invest Cont,440.0,,,,6700    TAMPA                        AV,,34.1923,-118.5534,2025
250404045,2025-01-21,12/24/2024 12:00:00 AM,210,4,Hollenbeck,417,2,745,VANDALISM - MISDEAMEANOR ($399 OR UNDER),0311 0329,38,F,H,501.0,SINGLE FAMILY DWELLING,,,IC,Invest Cont,745.0,,,,4400    TOURMALINE                   ST,,34.0797,-118.1933,2025
251004040,2025-01-05,12/21/2024 12:00:00 AM,800,10,West Valley,1068,1,440,THEFT PLAIN - PETTY ($950 & UNDER),1822 0344 1202,73,F,W,710.0,OTHER PREMISE,,,IC,Invest Cont,440.0,,,,16600    MAGNOLIA                     BL,,34.1668,-118.4979,2025
251404018,2025-01-04,12/27/2024 12:00:00 AM,1409,14,Pacific,1494,2,740,"VANDALISM - FELONY ($400 & OVER, ALL CHURCH VANDALISMS)",0329,0,X,X,710.0,OTHER PREMISE,,,AA,Adult Arrest,740.0,,,,700    WORLD                        WY,,33.9431,-118.401,2025
250904040,2025-01-14,12/23/2024 12:00:00 AM,1820,9,Van Nuys,932,1,331,THEFT FROM MOTOR VEHICLE - GRAND ($950.01 AND OVER),0344 1501,49,F,W,108.0,PARKING LOT,,,IC,Invest Cont,331.0,,,,6100 N  SEPULVEDA                    BL,,34.1807,-118.4662,2025
250504074,2025-01-21,12/02/2024 12:00:00 AM,2359,5,Harbor,559,1,341,"THEFT-GRAND ($950.01 & OVER)EXCPT,GUNS,FOWL,LIVESTK,PROD",,0,,,101.0,STREET,,,IC,Invest Cont,341.0,,,,600    TERMINAL                     WY,,33.743,-118.2625,2025
251904048,2025-01-17,12/23/2024 12:00:00 AM,130,19,Mission,1991,1,330,BURGLARY FROM VEHICLE,1300 0344 1822 1609,70,F,W,707.0,GARAGE/CARPORT,,,IC,Invest Cont,330.0,,,,15300    CABRITO                      RD,,34.2157,-118.4665,2025
251004055,2025-01-14,04/01/2024 12:00:00 AM,900,10,West Valley,1025,2,860,BATTERY WITH SEXUAL CONTACT,0416 1822 0305 0551 0448,26,F,H,102.0,SIDEWALK,400.0,"STRONG-ARM (HANDS, FIST, FEET OR BODILY FORCE)",IC,Invest Cont,860.0,,,,7000    RESEDA                       BL,,34.1977,-118.536,2025
251004041,2025-01-07,12/24/2024 12:00:00 AM,810,10,West Valley,1098,1,330,BURGLARY FROM VEHICLE,1822 1300 0344 0329,53,F,W,501.0,SINGLE FAMILY DWELLING,,,IC,Invest Cont,330.0,,,,3200    FOND                         DR,,34.1328,-118.4839,2025
251404135,2025-01-15,12/10/2024 12:00:00 AM,1750,14,Pacific,1472,2,740,"VANDALISM - FELONY ($400 & OVER, ALL CHURCH VANDALISMS)",0329,35,M,W,101.0,STREET,,,IC,Invest Cont,740.0,,,,7300    VISTA DEL MAR                LN,,33.9541,-118.447,2025
250304033,2025-01-07,12/22/2024 12:00:00 AM,2000,3,Southwest,355,1,331,THEFT FROM MOTOR VEHICLE - GRAND ($950.01 AND OVER),1606 0329 0385,49,M,H,101.0,STREET,,,IC,Invest Cont,331.0,,,,1700 W  37TH                         PL,,34.0202,-118.3089,2025
250604031,2025-01-01,12/20/2024 12:00:00 AM,1854,6,Hollywood,639,1,440,THEFT PLAIN - PETTY ($950 & UNDER),1822 0394 1501,26,M,W,502.0,"MULTI-UNIT DWELLING (APARTMENT, DUPLEX, ETC)",,,IC,Invest Cont,440.0,,,,1700    WINONA                       BL,,34.1018,-118.302,2025
250404047,2025-01-20,05/01/2024 12:00:00 AM,800,4,Hollenbeck,454,2,812,CRM AGNST CHLD (13 OR UNDER) (14-15 & SUSP 10 YRS OLDER),,9,F,H,501.0,SINGLE FAMILY DWELLING,400.0,"STRONG-ARM (HANDS, FIST, FEET OR BODILY FORCE)",IC,Invest Cont,812.0,860.0,,,100 S  BOYLE                        AV,,34.0472,-118.2198,2025
250504067,2025-01-21,12/19/2024 12:00:00 AM,2200,5,Harbor,523,1,341,"THEFT-GRAND ($950.01 & OVER)EXCPT,GUNS,FOWL,LIVESTK,PROD",,0,,,101.0,STREET,,,IC,Invest Cont,341.0,,,,2000    JOHN S GIBSON                BL,,33.7566,-118.2896,2025
251104036,2025-01-12,12/22/2024 12:00:00 AM,900,11,Northeast,1132,1,330,BURGLARY FROM VEHICLE,0344 1302 1307,26,F,C,108.0,PARKING LOT,,,IC,Invest Cont,330.0,,,,3100    RIVERSIDE                    DR,,34.1131,-118.2684,2025
250904009,2025-01-02,12/05/2024 12:00:00 AM,412,9,Van Nuys,952,2,740,"VANDALISM - FELONY ($400 & OVER, ALL CHURCH VANDALISMS)",0329 1607,68,F,O,502.0,"MULTI-UNIT DWELLING (APARTMENT, DUPLEX, ETC)",,,IC,Invest Cont,740.0,,,,14600    BURBANK                      BL,,34.1721,-118.4509,2025
251604022,2025-01-07,12/27/2024 12:00:00 AM,1530,16,Foothill,1663,1,310,BURGLARY,0344 1602,0,X,X,721.0,HIGH SCHOOL,,,IC,Invest Cont,310.0,,,,9100    TELFAIR                      AV,,34.2346,-118.3949,2025
251004030,2025-01-03,12/24/2024 12:00:00 AM,730,10,West Valley,1065,2,354,THEFT OF IDENTITY,1822 0930,40,F,W,502.0,"MULTI-UNIT DWELLING (APARTMENT, DUPLEX, ETC)",,,IC,Invest Cont,354.0,,,,5500    ZELZAH                       AV,,34.1707,-118.522,2025
250304050,2025-01-13,12/16/2024 12:00:00 AM,1900,3,Southwest,358,1,522,"VEHICLE, STOLEN - OTHER (MOTORIZED SCOOTERS, BIKES, ETC)",,0,,,101.0,STREET,,,IC,Invest Cont,522.0,,,,3600    TROUSDALE PKWY,,34.0203,-118.2852,2025
250304034,2025-01-07,12/12/2024 12:00:00 AM,1251,3,Southwest,332,1,440,THEFT PLAIN - PETTY ($950 & UNDER),0344 0394 1822,43,F,W,501.0,SINGLE FAMILY DWELLING,,,IC,Invest Cont,440.0,,,,2900    HILLCREST                    DR,,34.0294,-118.3429,2025
250504084,2025-01-24,12/18/2024 12:00:00 AM,2000,5,Harbor,523,1,341,"THEFT-GRAND ($950.01 & OVER)EXCPT,GUNS,FOWL,LIVESTK,PROD",,0,,,129.0,"TERMINAL, OTHER THAN MTA",,,IC,Invest Cont,341.0,,,,2000    JOHN S GIBSON                BL,,33.7566,-118.2896,2025
251104040,2025-01-12,12/14/2024 12:00:00 AM,2055,11,Northeast,1136,2,740,"VANDALISM - FELONY ($400 & OVER, ALL CHURCH VANDALISMS)",0329,37,F,B,121.0,YARD (RESIDENTIAL/BUSINESS),,,IC,Invest Cont,740.0,,,,4400    EAGLE ROCK                   BL,,34.1243,-118.2205,2025
250104026,2025-01-04,12/05/2024 12:00:00 AM,2330,1,Central,142,1,330,BURGLARY FROM VEHICLE,1307 0344 0329,28,M,W,108.0,PARKING LOT,,,IC,Invest Cont,330.0,,,,3RD,HILL,34.0516,-118.2491,2025
251404134,2025-01-15,12/13/2024 12:00:00 AM,214,14,Pacific,1414,2,956,"LETTERS, LEWD  -  TELEPHONE CALLS, LEWD",1501,33,F,B,710.0,OTHER PREMISE,,,IC,Invest Cont,956.0,,,,600    SUNSET                       AV,,33.9975,-118.4705,2025
251104056,2025-01-19,12/19/2024 12:00:00 AM,2010,11,Northeast,1137,1,331,THEFT FROM MOTOR VEHICLE - GRAND ($950.01 AND OVER),0385,24,M,H,101.0,STREET,,,IC,Invest Cont,331.0,,,,5100    MONTE VISTA                  ST,,34.1109,-118.2016,2025
251104035,2025-01-12,12/04/2024 12:00:00 AM,805,11,Northeast,1161,1,341,"THEFT-GRAND ($950.01 & OVER)EXCPT,GUNS,FOWL,LIVESTK,PROD",0344,36,F,H,101.0,STREET,,,IC,Invest Cont,341.0,,,,EDGEMONT                     ST,SANTA MONICA                 BL,34.0909,-118.2961,2025
250304032,2025-01-07,12/01/2024 12:00:00 AM,1305,3,Southwest,308,1,341,"THEFT-GRAND ($950.01 & OVER)EXCPT,GUNS,FOWL,LIVESTK,PROD",1822 0344 0394,50,M,H,501.0,SINGLE FAMILY DWELLING,,,IC,Invest Cont,341.0,,,,1000 W  25TH                         ST,,34.0326,-118.2826,2025
250704070,2025-01-29,12/30/2024 12:00:00 AM,1500,7,Wilshire,719,2,649,DOCUMENT FORGERY / STOLEN FELONY,1822 0344 0929 0100 0930,54,F,W,602.0,BANK,,,IC,Invest Cont,649.0,,,,500 N  LARCHMONT                    BL,,34.079,-118.3236,2025
250904042,2025-01-14,12/19/2024 12:00:00 AM,1700,9,Van Nuys,906,1,330,BURGLARY FROM VEHICLE,0344 1501,29,M,O,101.0,STREET,,,IC,Invest Cont,330.0,,,,14200    COVELLO                      ST,,34.2072,-118.4422,2025
251004056,2025-01-14,04/01/2024 12:00:00 AM,900,10,West Valley,1025,1,230,"ASSAULT WITH DEADLY WEAPON, AGGRAVATED ASSAULT",0443 1822,40,M,B,101.0,STREET,400.0,"STRONG-ARM (HANDS, FIST, FEET OR BODILY FORCE)",IC,Invest Cont,230.0,,,,7000    RESEDA                       BL,,34.1977,-118.536,2025
250404025,2025-01-07,05/15/2024 12:00:00 AM,2120,4,Hollenbeck,464,1,330,BURGLARY FROM VEHICLE,1300 1302 1307 0344,48,F,H,108.0,PARKING LOT,,,IC,Invest Cont,330.0,,,,E  CESAR E CHAVEZ               AV,N  SOTO                         ST,34.0468,-118.2078,2025
251404036,2025-01-05,12/18/2024 12:00:00 AM,1200,14,Pacific,1494,1,341,"THEFT-GRAND ($950.01 & OVER)EXCPT,GUNS,FOWL,LIVESTK,PROD",1822 0344,34,M,W,212.0,TRANSPORTATION FACILITY (AIRPORT),500.0,UNKNOWN WEAPON/OTHER WEAPON,IC,Invest Cont,341.0,,,,500    WORLD                        WY,,33.9427,-118.4049,2025
251004021,2025-01-02,12/23/2024 12:00:00 AM,2030,10,West Valley,1065,1,420,THEFT FROM MOTOR VEHICLE - PETTY ($950 & UNDER),1822 0344,40,F,W,108.0,PARKING LOT,,,IC,Invest Cont,420.0,,,,5500    ZELZAH                       AV,,34.1707,-118.522,2025
250904039,2025-01-14,05/29/2024 12:00:00 AM,1400,9,Van Nuys,939,1,341,"THEFT-GRAND ($950.01 & OVER)EXCPT,GUNS,FOWL,LIVESTK,PROD",0344 0329,0,X,X,721.0,HIGH SCHOOL,,,IC,Invest Cont,341.0,,,,13000    OXNARD                       ST,,34.1794,-118.4161,2025
251404133,2025-01-15,12/22/2024 12:00:00 AM,100,14,Pacific,1431,1,352,PICKPOCKET,0344,21,M,W,207.0,BAR/COCKTAIL/NIGHTCLUB,,,IC,Invest Cont,352.0,,,,00    WINDWARD                     AV,,33.9871,-118.4733,2025
251304011,2025-01-02,12/24/2024 12:00:00 AM,1300,13,Newton,1345,2,903,CONTEMPT OF COURT,0913,34,F,H,501.0,SINGLE FAMILY DWELLING,,,IC,Invest Cont,903.0,,,,1200 E  40TH                         PL,,34.0102,-118.2543,2025
250104042,2025-01-08,12/21/2024 12:00:00 AM,2200,1,Central,182,1,330,BURGLARY FROM VEHICLE,0344,27,M,K,502.0,"MULTI-UNIT DWELLING (APARTMENT, DUPLEX, ETC)",,,IC,Invest Cont,330.0,,,,1200 S  FIGUEROA                     ST,,34.0419,-118.2669,2025
251004063,2025-01-17,12/18/2024 12:00:00 AM,1230,10,West Valley,1037,1,341,"THEFT-GRAND ($950.01 & OVER)EXCPT,GUNS,FOWL,LIVESTK,PROD",1822 0344,59,M,H,101.0,STREET,,,IC,Invest Cont,341.0,,,,6500    LOUISE                       AV,,34.1894,-118.5098,2025
251104039,2025-01-12,12/19/2024 12:00:00 AM,1910,11,Northeast,1152,1,420,THEFT FROM MOTOR VEHICLE - PETTY ($950 & UNDER),0344,53,F,W,710.0,OTHER PREMISE,,,IC,Invest Cont,420.0,,,,4400    CLAYTON                      AV,,34.1,-118.2852,2025
251104001,2025-01-01,12/29/2024 12:00:00 AM,1250,11,Northeast,1119,1,352,PICKPOCKET,0344,51,F,W,402.0,MARKET,,,IC,Invest Cont,352.0,,,,1500    COLORADO                     BL,,34.1393,-118.1985,2025
250904067,2025-01-28,09/27/2024 12:00:00 AM,1125,9,Van Nuys,914,2,354,THEFT OF IDENTITY,0928 1822,61,F,W,501.0,SINGLE FAMILY DWELLING,,,IC,Invest Cont,354.0,,,,7000    WILLIS                       AV,,34.1975,-118.4552,2025
251004039,2025-01-06,10/20/2024 12:00:00 AM,1200,10,West Valley,1045,2,354,THEFT OF IDENTITY,1822 1202 0923 0930 0929,69,M,W,501.0,SINGLE FAMILY DWELLING,,,IC,Invest Cont,354.0,,,,17900    EMELITA                      ST,,34.1776,-118.523,2025
251104003,2025-01-01,12/29/2024 12:00:00 AM,1700,11,Northeast,1132,1,480,BIKE - STOLEN,0344,54,M,W,744.0,HIGH-RISE BUILDING,,,IC,Invest Cont,480.0,,,,3000    WAVERLY                      DR,,34.1106,-118.2678,2025
251604001,2025-01-01,12/16/2024 12:00:00 AM,1247,16,Foothill,1677,1,440,THEFT PLAIN - PETTY ($950 & UNDER),0344,26,F,W,504.0,OTHER RESIDENCE,,,IC,Invest Cont,440.0,,,,10000    LANARK                       ST,,34.2182,-118.3485,2025
250404026,2025-01-07,11/29/2024 12:00:00 AM,135,4,Hollenbeck,438,2,745,VANDALISM - MISDEAMEANOR ($399 OR UNDER),0329,0,X,X,109.0,PARK/PLAYGROUND,,,IC,Invest Cont,745.0,,,,5500    CONCORD                      AV,,34.0796,-118.1622,2025
251104038,2025-01-12,12/17/2024 12:00:00 AM,1221,11,Northeast,1184,1,341,"THEFT-GRAND ($950.01 & OVER)EXCPT,GUNS,FOWL,LIVESTK,PROD",0394,41,M,O,501.0,SINGLE FAMILY DWELLING,,,IC,Invest Cont,341.0,,,,1900    ECHO PARK                    AV,,34.0862,-118.2518,2025
251404128,2025-01-15,12/22/2024 12:00:00 AM,220,14,Pacific,1406,1,480,BIKE - STOLEN,1822 0344,40,M,B,502.0,"MULTI-UNIT DWELLING (APARTMENT, DUPLEX, ETC)",,,IC,Invest Cont,480.0,,,,3800    MENTONE                      AV,,34.0198,-118.4049,2025
250504073,2025-01-21,01/02/2024 12:00:00 AM,2359,5,Harbor,559,1,341,"THEFT-GRAND ($950.01 & OVER)EXCPT,GUNS,FOWL,LIVESTK,PROD",,0,,,101.0,STREET,,,IC,Invest Cont,341.0,,,,600    TERMINAL                     WY,,33.743,-118.2625,2025
251304029,2025-01-08,12/16/2024 12:00:00 AM,1125,13,Newton,1352,2,740,"VANDALISM - FELONY ($400 & OVER, ALL CHURCH VANDALISMS)",0329,49,F,H,504.0,OTHER RESIDENCE,,,IC,Invest Cont,740.0,,,,4400    METTLER                      ST,,34.0039,-118.2665,2025
250504065,2025-01-21,12/26/2024 12:00:00 AM,2117,5,Harbor,527,1,341,"THEFT-GRAND ($950.01 & OVER)EXCPT,GUNS,FOWL,LIVESTK,PROD",,0,,,101.0,STREET,,,IC,Invest Cont,341.0,,,,600 W  HARRY BRIDGE                 BL,,33.7626,-118.2687,2025
250604078,2025-01-14,12/27/2024 12:00:00 AM,340,6,Hollywood,615,1,330,BURGLARY FROM VEHICLE,1822 1300 0325 1307,57,M,W,102.0,SIDEWALK,500.0,UNKNOWN WEAPON/OTHER WEAPON,IC,Invest Cont,330.0,,,,3000    LAKE HOLLYWOOD               DR,,34.131,-118.3376,2025
251004098,2025-01-16,05/01/2024 12:00:00 AM,1900,10,West Valley,1061,2,813,CHILD ANNOYING (17YRS & UNDER),0913 0520,16,F,O,108.0,PARKING LOT,,,IC,Invest Cont,813.0,,,,19100    VENTURA                      BL,,34.1726,-118.5507,2025
251404011,2025-01-04,12/27/2024 12:00:00 AM,1448,14,Pacific,1407,1,440,THEFT PLAIN - PETTY ($950 & UNDER),0344,27,M,W,145.0,MAIL BOX,,,IC,Invest Cont,440.0,,,,3400    JASMINE                      AV,,34.0291,-118.4076,2025
251004060,2025-01-15,12/18/2024 12:00:00 AM,1745,10,West Valley,1088,1,341,"THEFT-GRAND ($950.01 & OVER)EXCPT,GUNS,FOWL,LIVESTK,PROD",0913 0344,58,M,O,203.0,OTHER BUSINESS,,,IC,Invest Cont,341.0,,,,16100    VENTURA                      BL,,34.1564,-118.4837,2025
250904041,2025-01-14,12/02/2024 12:00:00 AM,1116,9,Van Nuys,932,1,440,THEFT PLAIN - PETTY ($950 & UNDER),0344 0394,21,M,W,502.0,"MULTI-UNIT DWELLING (APARTMENT, DUPLEX, ETC)",,,IC,Invest Cont,440.0,,,,14800    SYLVAN                       ST,,34.1846,-118.4553,2025
251004029,2025-01-03,12/21/2024 12:00:00 AM,1638,10,West Valley,1023,1,440,THEFT PLAIN - PETTY ($950 & UNDER),1822 0344,50,F,W,721.0,HIGH SCHOOL,,,IC,Invest Cont,440.0,,,,6700    TAMPA                        AV,,34.1923,-118.5534,2025
250404045,2025-01-21,12/24/2024 12:00:00 AM,210,4,Hollenbeck,417,2,745,VANDALISM - MISDEAMEANOR ($399 OR UNDER),0311 0329,38,F,H,501.0,SINGLE FAMILY DWELLING,,,IC,Invest Cont,745.0,,,,4400    TOURMALINE                   ST,,34.0797,-118.1933,2025
251004040,2025-01-05,12/21/2024 12:00:00 AM,800,10,West Valley,1068,1,440,THEFT PLAIN - PETTY ($950 & UNDER),1822 0344 1202,73,F,W,710.0,OTHER PREMISE,,,IC,Invest Cont,440.0,,,,16600    MAGNOLIA                     BL,,34.1668,-118.4979,2025
251404018,2025-01-04,12/27/2024 12:00:00 AM,1409,14,Pacific,1494,2,740,"VANDALISM - FELONY ($400 & OVER, ALL CHURCH VANDALISMS)",0329,0,X,X,710.0,OTHER PREMISE,,,AA,Adult Arrest,740.0,,,,700    WORLD                        WY,,33.9431,-118.401,2025
250904040,2025-01-14,12/23/2024 12:00:00 AM,1820,9,Van Nuys,932,1,331,THEFT FROM MOTOR VEHICLE - GRAND ($950.01 AND OVER),0344 1501,49,F,W,108.0,PARKING LOT,,,IC,Invest Cont,331.0,,,,6100 N  SEPULVEDA                    BL,,34.1807,-118.4662,2025
250504074,2025-01-21,12/02/2024 12:00:00 AM,2359,5,Harbor,559,1,341,"THEFT-GRAND ($950.01 & OVER)EXCPT,GUNS,FOWL,LIVESTK,PROD",,0,,,101.0,STREET,,,IC,Invest Cont,341.0,,,,600    TERMINAL                     WY,,33.743,-118.2625,2025
251904048,2025-01-17,12/23/2024 12:00:00 AM,130,19,Mission,1991,1,330,BURGLARY FROM VEHICLE,1300 0344 1822 1609,70,F,W,707.0,GARAGE/CARPORT,,,IC,Invest Cont,330.0,,,,15300    CABRITO                      RD,,34.2157,-118.4665,2025
251004055,2025-01-14,04/01/2024 12:00:00 AM,900,10,West Valley,1025,2,860,BATTERY WITH SEXUAL CONTACT,0416 1822 0305 0551 0448,26,F,H,102.0,SIDEWALK,400.0,"STRONG-ARM (HANDS, FIST, FEET OR BODILY FORCE)",IC,Invest Cont,860.0,,,,7000    RESEDA                       BL,,34.1977,-118.536,2025
251004041,2025-01-07,12/24/2024 12:00:00 AM,810,10,West Valley,1098,1,330,BURGLARY FROM VEHICLE,1822 1300 0344 0329,53,F,W,501.0,SINGLE FAMILY DWELLING,,,IC,Invest Cont,330.0,,,,3200    FOND                         DR,,34.1328,-118.4839,2025
251404135,2025-01-15,12/10/2024 12:00:00 AM,1750,14,Pacific,1472,2,740,"VANDALISM - FELONY ($400 & OVER, ALL CHURCH VANDALISMS)",0329,35,M,W,101.0,STREET,,,IC,Invest Cont,740.0,,,,7300    VISTA DEL MAR                LN,,33.9541,-118.447,2025
250304033,2025-01-07,12/22/2024 12:00:00 AM,2000,3,Southwest,355,1,331,THEFT FROM MOTOR VEHICLE - GRAND ($950.01 AND OVER),1606 0329 0385,49,M,H,101.0,STREET,,,IC,Invest Cont,331.0,,,,1700 W  37TH                         PL,,34.0202,-118.3089,2025
250604031,2025-01-01,12/20/2024 12:00:00 AM,1854,6,Hollywood,639,1,440,THEFT PLAIN - PETTY ($950 & UNDER),1822 0394 1501,26,M,W,502.0,"MULTI-UNIT DWELLING (APARTMENT, DUPLEX, ETC)",,,IC,Invest Cont,440.0,,,,1700    WINONA                       BL,,34.1018,-118.302,2025
250404047,2025-01-20,05/01/2024 12:00:00 AM,800,4,Hollenbeck,454,2,812,CRM AGNST CHLD (13 OR UNDER) (14-15 & SUSP 10 YRS OLDER),,9,F,H,501.0,SINGLE FAMILY DWELLING,400.0,"STRONG-ARM (HANDS, FIST, FEET OR BODILY FORCE)",IC,Invest Cont,812.0,860.0,,,100 S  BOYLE                        AV,,34.0472,-118.2198,2025
250504067,2025-01-21,12/19/2024 12:00:00 AM,2200,5,Harbor,523,1,341,"THEFT-GRAND ($950.01 & OVER)EXCPT,GUNS,FOWL,LIVESTK,PROD",,0,,,101.0,STREET,,,IC,Invest Cont,341.0,,,,2000    JOHN S GIBSON                BL,,33.7566,-118.2896,2025
251104036,2025-01-12,12/22/2024 12:00:00 AM,900,11,Northeast,1132,1,330,BURGLARY FROM VEHICLE,0344 1302 1307,26,F,C,108.0,PARKING LOT,,,IC,Invest Cont,330.0,,,,3100    RIVERSIDE                    DR,,34.1131,-118.2684,2025
250904009,2025-01-02,12/05/2024 12:00:00 AM,412,9,Van Nuys,952,2,740,"VANDALISM - FELONY ($400 & OVER, ALL CHURCH VANDALISMS)",0329 1607,68,F,O,502.0,"MULTI-UNIT DWELLING (APARTMENT, DUPLEX, ETC)",,,IC,Invest Cont,740.0,,,,14600    BURBANK                      BL,,34.1721,-118.4509,2025
251604022,2025-01-07,12/27/2024 12:00:00 AM,1530,16,Foothill,1663,1,310,BURGLARY,0344 1602,0,X,X,721.0,HIGH SCHOOL,,,IC,Invest Cont,310.0,,,,9100    TELFAIR                      AV,,34.2346,-118.3949,2025
251004030,2025-01-03,12/24/2024 12:00:00 AM,730,10,West Valley,1065,2,354,THEFT OF IDENTITY,1822 0930,40,F,W,502.0,"MULTI-UNIT DWELLING (APARTMENT, DUPLEX, ETC)",,,IC,Invest Cont,354.0,,,,5500    ZELZAH                       AV,,34.1707,-118.522,2025
250304050,2025-01-13,12/16/2024 12:00:00 AM,1900,3,Southwest,358,1,522,"VEHICLE, STOLEN - OTHER (MOTORIZED SCOOTERS, BIKES, ETC)",,0,,,101.0,STREET,,,IC,Invest Cont,522.0,,,,3600    TROUSDALE PKWY,,34.0203,-118.2852,2025
250304034,2025-01-07,12/12/2024 12:00:00 AM,1251,3,Southwest,332,1,440,THEFT PLAIN - PETTY ($950 & UNDER),0344 0394 1822,43,F,W,501.0,SINGLE FAMILY DWELLING,,,IC,Invest Cont,440.0,,,,2900    HILLCREST                    DR,,34.0294,-118.3429,2025
250504084,2025-01-24,12/18/2024 12:00:00 AM,2000,5,Harbor,523,1,341,"THEFT-GRAND ($950.01 & OVER)EXCPT,GUNS,FOWL,LIVESTK,PROD",,0,,,129.0,"TERMINAL, OTHER THAN MTA",,,IC,Invest Cont,341.0,,,,2000    JOHN S GIBSON                BL,,33.7566,-118.2896,2025
251104040,2025-01-12,12/14/2024 12:00:00 AM,2055,11,Northeast,1136,2,740,"VANDALISM - FELONY ($400 & OVER, ALL CHURCH VANDALISMS)",0329,37,F,B,121.0,YARD (RESIDENTIAL/BUSINESS),,,IC,Invest Cont,740.0,,,,4400    EAGLE ROCK                   BL,,34.1243,-118.2205,2025
250104026,2025-01-04,12/05/2024 12:00:00 AM,2330,1,Central,142,1,330,BURGLARY FROM VEHICLE,1307 0344 0329,28,M,W,108.0,PARKING LOT,,,IC,Invest Cont,330.0,,,,3RD,HILL,34.0516,-118.2491,2025
251404134,2025-01-15,12/13/2024 12:00:00 AM,214,14,Pacific,1414,2,956,"LETTERS, LEWD  -  TELEPHONE CALLS, LEWD",1501,33,F,B,710.0,OTHER PREMISE,,,IC,Invest Cont,956.0,,,,600    SUNSET                       AV,,33.9975,-118.4705,2025
251104056,2025-01-19,12/19/2024 12:00:00 AM,2010,11,Northeast,1137,1,331,THEFT FROM MOTOR VEHICLE - GRAND ($950.01 AND OVER),0385,24,M,H,101.0,STREET,,,IC,Invest Cont,331.0,,,,5100    MONTE VISTA                  ST,,34.1109,-118.2016,2025
251104035,2025-01-12,12/04/2024 12:00:00 AM,805,11,Northeast,1161,1,341,"THEFT-GRAND ($950.01 & OVER)EXCPT,GUNS,FOWL,LIVESTK,PROD",0344,36,F,H,101.0,STREET,,,IC,Invest Cont,341.0,,,,EDGEMONT                     ST,SANTA MONICA                 BL,34.0909,-118.2961,2025
250304032,2025-01-07,12/01/2024 12:00:00 AM,1305,3,Southwest,308,1,341,"THEFT-GRAND ($950.01 & OVER)EXCPT,GUNS,FOWL,LIVESTK,PROD",1822 0344 0394,50,M,H,501.0,SINGLE FAMILY DWELLING,,,IC,Invest Cont,341.0,,,,1000 W  25TH                         ST,,34.0326,-118.2826,2025
250704070,2025-01-29,12/30/2024 12:00:00 AM,1500,7,Wilshire,719,2,649,DOCUMENT FORGERY / STOLEN FELONY,1822 0344 0929 0100 0930,54,F,W,602.0,BANK,,,IC,Invest Cont,649.0,,,,500 N  LARCHMONT                    BL,,34.079,-118.3236,2025
250904042,2025-01-14,12/19/2024 12:00:00 AM,1700,9,Van Nuys,906,1,330,BURGLARY FROM VEHICLE,0344 1501,29,M,O,101.0,STREET,,,IC,Invest Cont,330.0,,,,14200    COVELLO                      ST,,34.2072,-118.4422,2025
251004056,2025-01-14,04/01/2024 12:00:00 AM,900,10,West Valley,1025,1,230,"ASSAULT WITH DEADLY WEAPON, AGGRAVATED ASSAULT",0443 1822,40,M,B,101.0,STREET,400.0,"STRONG-ARM (HANDS, FIST, FEET OR BODILY FORCE)",IC,Invest Cont,230.0,,,,7000    RESEDA                       BL,,34.1977,-118.536,2025
250404025,2025-01-07,05/15/2024 12:00:00 AM,2120,4,Hollenbeck,464,1,330,BURGLARY FROM VEHICLE,1300 1302 1307 0344,48,F,H,108.0,PARKING LOT,,,IC,Invest Cont,330.0,,,,E  CESAR E CHAVEZ               AV,N  SOTO                         ST,34.0468,-118.2078,2025
251404036,2025-01-05,12/18/2024 12:00:00 AM,1200,14,Pacific,1494,1,341,"THEFT-GRAND ($950.01 & OVER)EXCPT,GUNS,FOWL,LIVESTK,PROD",1822 0344,34,M,W,212.0,TRANSPORTATION FACILITY (AIRPORT),500.0,UNKNOWN WEAPON/OTHER WEAPON,IC,Invest Cont,341.0,,,,500    WORLD                        WY,,33.9427,-118.4049,2025
251004021,2025-01-02,12/23/2024 12:00:00 AM,2030,10,West Valley,1065,1,420,THEFT FROM MOTOR VEHICLE - PETTY ($950 & UNDER),1822 0344,40,F,W,108.0,PARKING LOT,,,IC,Invest Cont,420.0,,,,5500    ZELZAH                       AV,,34.1707,-118.522,2025
252104040,2025-01-14,01/14/2025 12:00:00 AM,1457,21,Topanga,2139,2,624,BATTERY - SIMPLE ASSAULT,0400 0444,12,F,H,720.0,JUNIOR HIGH SCHOOL,400.0,"STRONG-ARM (HANDS, FIST, FEET OR BODILY FORCE)",AO,Adult Other,624.0,,,,7300    WINNETKA                     AV,,34.2035,-118.571,2025
250504142,2025-02-10,02/05/2025 12:00:00 AM,1430,5,Harbor,523,1,341,"THEFT-GRAND ($950.01 & OVER)EXCPT,GUNS,FOWL,LIVESTK,PROD",,0,,,101.0,STREET,,,IC,Invest Cont,341.0,,,,2000    JOHN S GIBSON                BL,,33.7566,-118.2896,2025
250304163,2025-02-10,02/08/2025 12:00:00 AM,1900,3,Southwest,357,1,522,"VEHICLE, STOLEN - OTHER (MOTORIZED SCOOTERS, BIKES, ETC)",,0,,,101.0,STREET,,,IC,Invest Cont,522.0,,,,1100 W  37TH                         PL,,34.02,-118.2915,2025
250304065,2025-01-18,01/18/2025 12:00:00 AM,1323,3,Southwest,338,1,522,"VEHICLE, STOLEN - OTHER (MOTORIZED SCOOTERS, BIKES, ETC)",,0,,,101.0,STREET,,,IC,Invest Cont,522.0,,,,3100 S  HOOVER                       ST,,34.0268,-118.2896,2025
251904062,2025-01-24,01/24/2025 12:00:00 AM,1343,19,Mission,1994,2,745,VANDALISM - MISDEAMEANOR ($399 OR UNDER),0329,0,X,X,406.0,OTHER STORE,,,IC,Invest Cont,745.0,,,,14500    LANARK                       ST,,34.2184,-118.4547,2025
250504096,2025-01-30,01/20/2025 12:00:00 AM,1347,5,Harbor,527,1,341,"THEFT-GRAND ($950.01 & OVER)EXCPT,GUNS,FOWL,LIVESTK,PROD",,0,,,705.0,SLIPS/DOCK/MARINA/BOAT,,,IC,Invest Cont,341.0,,,,600 W  HARRY BRIDGE                 BL,,33.7626,-118.2687,2025
250300001,2025-01-20,01/20/2025 12:00:00 AM,1230,3,Southwest,357,1,510,VEHICLE - STOLEN,,0,,,101.0,STREET,,,IC,Invest Cont,510.0,,,,3600 S  VERMONT                      AV,,34.0219,-118.2959,2025
251204137,2025-01-31,01/31/2025 12:00:00 AM,910,12,77th Street,1207,1,230,"ASSAULT WITH DEADLY WEAPON, AGGRAVATED ASSAULT",1258 0302 0216 0213 0202 0443 1251 1822,10,M,B,704.0,ELEMENTARY SCHOOL,104.0,SHOTGUN,IC,Invest Cont,230.0,,,,800 W  51ST                         ST,,33.9964,-118.2872,2025
250504155,2025-02-11,01/30/2025 12:00:00 AM,1927,5,Harbor,523,1,510,VEHICLE - STOLEN,,0,,,108.0,PARKING LOT,,,IC,Invest Cont,510.0,,,,2000    JOHN S GIBSON                BL,,33.7566,-118.2896,2025
251304117,2025-02-06,02/06/2025 12:00:00 AM,1547,13,Newton,1385,1,210,ROBBERY,0352 1221 0344 0432 0337 1309,16,M,H,101.0,STREET,500.0,UNKNOWN WEAPON/OTHER WEAPON,IC,Invest Cont,210.0,,,,CENTRAL                      AV,SLAUSON,33.9893,-118.2565,2025
250304057,2025-01-16,01/16/2025 12:00:00 AM,730,3,Southwest,328,1,522,"VEHICLE, STOLEN - OTHER (MOTORIZED SCOOTERS, BIKES, ETC)",,0,,,101.0,STREET,,,IC,Invest Cont,522.0,,,,3000 S  ROYAL                        ST,,34.0263,-118.2808,2025
251304094,2025-01-31,01/30/2025 12:00:00 AM,2306,13,Newton,1321,2,740,"VANDALISM - FELONY ($400 & OVER, ALL CHURCH VANDALISMS)",0329,42,M,H,203.0,OTHER BUSINESS,,,IC,Invest Cont,740.0,,,,1900    MAPLE                        AV,,34.0289,-118.2686,2025
251404025,2025-01-06,01/01/2025 12:00:00 AM,1550,14,Pacific,1495,1,510,VEHICLE - STOLEN,,0,,,707.0,GARAGE/CARPORT,,,IC,Invest Cont,510.0,,,,6100 W  94TH                         ST,,33.9523,-118.3906,2025
250504147,2025-02-10,02/05/2025 12:00:00 AM,1930,5,Harbor,523,1,341,"THEFT-GRAND ($950.01 & OVER)EXCPT,GUNS,FOWL,LIVESTK,PROD",,0,,,101.0,STREET,,,IC,Invest Cont,341.0,,,,2000    JOHN S GIBSON                BL,,33.7566,-118.2896,2025
250504156,2025-02-11,02/05/2025 12:00:00 AM,2240,5,Harbor,523,1,510,VEHICLE - STOLEN,,0,,,108.0,PARKING LOT,,,IC,Invest Cont,510.0,,,,2000    JOHN S GIBSON                BL,,33.7566,-118.2896,2025
251904060,2025-01-22,01/18/2025 12:00:00 AM,1100,19,Mission,1916,1,310,BURGLARY,0344 0329,0,X,X,721.0,HIGH SCHOOL,,,IC,Invest Cont,310.0,,,,13000    BORDEN                       AV,,34.3061,-118.4414,2025
250504148,2025-02-10,02/05/2025 12:00:00 AM,1930,5,Harbor,523,1,341,"THEFT-GRAND ($950.01 & OVER)EXCPT,GUNS,FOWL,LIVESTK,PROD",,0,,,101.0,STREET,,,IC,Invest Cont,341.0,,,,2000    JOHN S GIBSON                BL,,33.7566,-118.2896,2025
250304096,2025-01-28,01/27/2025 12:00:00 AM,1800,3,Southwest,358,1,522,"VEHICLE, STOLEN - OTHER (MOTORIZED SCOOTERS, BIKES, ETC)",,0,,,101.0,STREET,,,IC,Invest Cont,522.0,,,,900 W  37TH                         PL,,34.0199,-118.2909,2025
251904114,2025-02-10,02/10/2025 12:00:00 AM,1539,19,Mission,1958,2,624,BATTERY - SIMPLE ASSAULT,1251 0416 0419 1259,17,F,H,101.0,STREET,400.0,"STRONG-ARM (HANDS, FIST, FEET OR BODILY FORCE)",IC,Invest Cont,624.0,,,,WOODALE,HOYT,34.2518,-118.4398,2025
251104080,2025-01-29,01/29/2025 12:00:00 AM,830,11,Northeast,1116,1,230,"ASSAULT WITH DEADLY WEAPON, AGGRAVATED ASSAULT",1402 0411 1822 1815 1251,17,M,H,721.0,HIGH SCHOOL,200.0,KNIFE WITH BLADE 6INCHES OR LESS,IC,Invest Cont,230.0,998.0,,,800 N  AVE 54,,34.1152,-118.1991,2025
250304107,2025-01-30,01/23/2025 12:00:00 AM,1012,3,Southwest,359,1,510,VEHICLE - STOLEN,,0,,,101.0,STREET,,,IC,Invest Cont,510.0,,,,3400 S  FIGUEROA                     ST,,34.022,-118.28,2025
251404080,2025-01-14,01/14/2025 12:00:00 AM,15,14,Pacific,1494,1,510,VEHICLE - STOLEN,,0,,,707.0,GARAGE/CARPORT,,,IC,Invest Cont,510.0,,,,700    WORLD WY,,33.9431,-118.401,2025
251104095,2025-02-04,02/03/2025 12:00:00 AM,1650,11,Northeast,1101,1,330,BURGLARY FROM VEHICLE,0344 1302 0307,32,M,A,109.0,PARK/PLAYGROUND,,,IC,Invest Cont,330.0,,,,2800 E  OBSERVATORY                  RD,,34.1192,-118.3004,2025
250504054,2025-01-16,01/15/2025 12:00:00 AM,2316,5,Harbor,519,1,341,"THEFT-GRAND ($950.01 & OVER)EXCPT,GUNS,FOWL,LIVESTK,PROD",0344,0,M,O,101.0,STREET,,,IC,Invest Cont,341.0,,,,1700 E  PACIFIC COAST                HY,,33.7974,-118.2372,2025
251304075,2025-01-24,01/22/2025 12:00:00 AM,1517,13,Newton,1365,2,850,INDECENT EXPOSURE,0529 0528 1251,13,F,H,720.0,JUNIOR HIGH SCHOOL,,,IC,Invest Cont,850.0,,,,48TH                         ST,ASCOT                        AV,34.0002,-118.25,2025
250504139,2025-02-10,02/06/2025 12:00:00 AM,30,5,Harbor,523,1,341,"THEFT-GRAND ($950.01 & OVER)EXCPT,GUNS,FOWL,LIVESTK,PROD",,0,,,101.0,STREET,,,IC,Invest Cont,341.0,,,,2000    JOHN S GIBSON                BL,,33.7566,-118.2896,2025
250304131,2025-02-05,02/04/2025 12:00:00 AM,2000,3,Southwest,358,1,522,"VEHICLE, STOLEN - OTHER (MOTORIZED SCOOTERS, BIKES, ETC)",,0,,,101.0,STREET,,,IC,Invest Cont,522.0,,,,1000    DOWNEY                       WY,,34.0212,-118.2895,2025
250504071,2025-01-21,01/21/2025 12:00:00 AM,1200,5,Harbor,564,1,510,VEHICLE - STOLEN,,0,,,101.0,STREET,,,IC,Invest Cont,510.0,,,,PACIFIC                      AV,SANTA CRUZ                   ST,33.7442,-118.2879,2025
251904078,2025-01-29,01/29/2025 12:00:00 AM,900,19,Mission,1936,1,210,ROBBERY,0416 0344 0302 1822,16,F,H,124.0,BUS STOP,103.0,RIFLE,IC,Invest Cont,210.0,,,,11400    LAUREL CANYON                BL,,34.277,-118.4515,2025
250304076,2025-01-22,01/21/2025 12:00:00 AM,1900,3,Southwest,358,1,522,"VEHICLE, STOLEN - OTHER (MOTORIZED SCOOTERS, BIKES, ETC)",,0,,,101.0,STREET,,,IC,Invest Cont,522.0,,,,1000    DOWNEY                       WY,,34.0212,-118.2895,2025
251104087,2025-02-02,01/30/2025 12:00:00 AM,1100,11,Northeast,1101,1,330,BURGLARY FROM VEHICLE,0344 1302 1307,30,F,W,108.0,PARKING LOT,,,IC,Invest Cont,330.0,,,,2800 E  OBSERVATORY                  RD,,34.1192,-118.3004,2025
250404054,2025-01-26,01/26/2025 12:00:00 AM,1423,4,Hollenbeck,408,1,310,BURGLARY,1402 0344,0,X,X,704.0,ELEMENTARY SCHOOL,,,IC,Invest Cont,310.0,998.0,,,3800    ROSEMEAD                     AV,,34.089,-118.1771,2025
250504132,2025-02-06,02/06/2025 12:00:00 AM,940,5,Harbor,563,2,930,CRIMINAL THREATS - NO WEAPON DISPLAYED,0319 0443,54,M,W,720.0,JUNIOR HIGH SCHOOL,511.0,VERBAL THREAT,IC,Invest Cont,930.0,,,,1500 S  CABRILLO                     AV,,33.7306,-118.2946,2025
250504098,2025-01-30,01/23/2025 12:00:00 AM,227,5,Harbor,527,1,341,"THEFT-GRAND ($950.01 & OVER)EXCPT,GUNS,FOWL,LIVESTK,PROD",,0,,,705.0,SLIPS/DOCK/MARINA/BOAT,,,IC,Invest Cont,341.0,,,,600 W  HARRY BRIDGES                BL,,33.7709,-118.2683,2025
250504055,2025-01-13,01/13/2025 12:00:00 AM,1430,5,Harbor,563,1,230,"ASSAULT WITH DEADLY WEAPON, AGGRAVATED ASSAULT",1815 1251 1824 0445 1258 0334 0913 0449,13,M,H,720.0,JUNIOR HIGH SCHOOL,218.0,OTHER CUTTING INSTRUMENT,IC,Invest Cont,230.0,,,,1500 S  CABRILLO                     AV,,33.7306,-118.2946,2025
250504141,2025-02-10,02/06/2025 12:00:00 AM,30,5,Harbor,523,1,341,"THEFT-GRAND ($950.01 & OVER)EXCPT,GUNS,FOWL,LIVESTK,PROD",,0,,,101.0,STREET,,,IC,Invest Cont,341.0,,,,2000    JOHN S GIBSON                BL,,33.7566,-118.2896,2025
251004125,2025-02-06,02/06/2025 12:00:00 AM,1415,10,West Valley,1012,2,900,VIOLATION OF COURT ORDER,0913 2038 1813 1309 1312,29,F,W,721.0,HIGH SCHOOL,,,IC,Invest Cont,900.0,,,,7200    AMIGO                        AV,,34.2012,-118.5386,2025
250904104,2025-02-11,02/10/2025 12:00:00 AM,1235,9,Van Nuys,952,2,624,BATTERY - SIMPLE ASSAULT,0400 0416 1815,13,M,B,720.0,JUNIOR HIGH SCHOOL,400.0,"STRONG-ARM (HANDS, FIST, FEET OR BODILY FORCE)",IC,Invest Cont,624.0,,,,5400    VESPER                       AV,,34.1685,-118.4509,2025
250504100,2025-01-30,01/15/2025 12:00:00 AM,2345,5,Harbor,527,1,341,"THEFT-GRAND ($950.01 & OVER)EXCPT,GUNS,FOWL,LIVESTK,PROD",,0,,,705.0,SLIPS/DOCK/MARINA/BOAT,,,IC,Invest Cont,341.0,,,,600 W  HARRY BRIDGES                BL,,33.7709,-118.2683,2025
250504153,2025-02-11,02/07/2025 12:00:00 AM,20,5,Harbor,527,1,341,"THEFT-GRAND ($950.01 & OVER)EXCPT,GUNS,FOWL,LIVESTK,PROD",,0,,,101.0,STREET,,,IC,Invest Cont,341.0,,,,600 W  HARRY BRIDGE                 BL,,33.7626,-118.2687,2025
250304143,2025-02-06,02/05/2025 12:00:00 AM,1930,3,Southwest,358,1,341,"THEFT-GRAND ($950.01 & OVER)EXCPT,GUNS,FOWL,LIVESTK,PROD",,0,,,102.0,SIDEWALK,,,IC,Invest Cont,341.0,,,,600    HELLMAN                      WY,,34.0197,-118.2815,2025
250504097,2025-01-30,01/23/2025 12:00:00 AM,35,5,Harbor,527,1,341,"THEFT-GRAND ($950.01 & OVER)EXCPT,GUNS,FOWL,LIVESTK,PROD",,0,,,705.0,SLIPS/DOCK/MARINA/BOAT,,,IC,Invest Cont,341.0,,,,600 W  HARRY BRIDGE                 BL,,33.7626,-118.2687,2025
251604096,2025-02-10,02/10/2025 12:00:00 AM,1100,16,Foothill,1634,2,888,TRESPASSING,2004 1501,0,X,X,109.0,PARK/PLAYGROUND,,,IC,Invest Cont,888.0,,,,11700    FOOTHILL                     BL,,34.2729,-118.3909,2025
250504145,2025-02-10,02/05/2025 12:00:00 AM,1930,5,Harbor,523,1,341,"THEFT-GRAND ($950.01 & OVER)EXCPT,GUNS,FOWL,LIVESTK,PROD",,0,,,101.0,STREET,,,IC,Invest Cont,341.0,,,,2000    JOHN S GIBSON                BL,,33.7566,-118.2896,2025
251104034,2025-01-12,01/01/2025 12:00:00 AM,2135,11,Northeast,1171,2,354,THEFT OF IDENTITY,0100,18,F,W,502.0,"MULTI-UNIT DWELLING (APARTMENT, DUPLEX, ETC)",,,IC,Invest Cont,354.0,,,,1600    MICHELTORENA                 ST,,34.0899,-118.2743,2025
251704105,2025-02-07,02/06/2025 12:00:00 AM,2130,17,Devonshire,1717,1,341,"THEFT-GRAND ($950.01 & OVER)EXCPT,GUNS,FOWL,LIVESTK,PROD",0344,0,X,X,721.0,HIGH SCHOOL,,,IC,Invest Cont,341.0,,,,11200    GOTHIC                       AV,,34.2737,-118.4887,2025
251104094,2025-02-03,02/02/2025 12:00:00 AM,2040,11,Northeast,1101,1,440,THEFT PLAIN - PETTY ($950 & UNDER),0344,33,M,W,109.0,PARK/PLAYGROUND,,,IC,Invest Cont,440.0,,,,2800 E  OBSERVATORY                  RD,,34.1192,-118.3004,2025
251004135,2025-02-09,02/09/2025 12:00:00 AM,1200,10,West Valley,1049,2,888,TRESPASSING,1822 2004,0,M,W,109.0,PARK/PLAYGROUND,,,IC,Invest Cont,888.0,,,,6300    WOODLEY                      AV,,34.1822,-118.4836,2025
250304108,2025-01-30,01/23/2025 12:00:00 AM,1249,3,Southwest,338,1,510,VEHICLE - STOLEN,,0,,,101.0,STREET,,,IC,Invest Cont,510.0,,,,3100    MCCLINTOCK                   AV,,34.0274,-118.285,2025
250304136,2025-02-06,02/05/2025 12:00:00 AM,1755,3,Southwest,358,1,510,VEHICLE - STOLEN,,0,,,101.0,STREET,,,IC,Invest Cont,510.0,,,,600    CHILDS                       WY,,34.0189,-118.2819,2025
251204086,2025-01-16,01/16/2025 12:00:00 AM,1200,12,77th Street,1269,1,510,VEHICLE - STOLEN,,0,,,108.0,PARKING LOT,,,IC,Invest Cont,510.0,,,,8500    TOWNE                        AV,,33.961,-118.2673,2025
250504094,2025-01-30,01/22/2025 12:00:00 AM,251,5,Harbor,527,1,341,"THEFT-GRAND ($950.01 & OVER)EXCPT,GUNS,FOWL,LIVESTK,PROD",,0,,,705.0,SLIPS/DOCK/MARINA/BOAT,,,IC,Invest Cont,341.0,,,,600 W  HARRY BRIDGE                 BL,,33.7626,-118.2687,2025
250504122,2025-01-31,01/24/2025 12:00:00 AM,1400,5,Harbor,589,2,624,BATTERY - SIMPLE ASSAULT,0913 0416 1815 1258 2024 0419 0429,13,F,H,109.0,PARK/PLAYGROUND,400.0,"STRONG-ARM (HANDS, FIST, FEET OR BODILY FORCE)",IC,Invest Cont,624.0,,,,3700    STEPHEN M WHITE              DR,,33.7108,-118.2862,2025
250304144,2025-02-06,02/05/2025 12:00:00 AM,1900,3,Southwest,358,1,341,"THEFT-GRAND ($950.01 & OVER)EXCPT,GUNS,FOWL,LIVESTK,PROD",,0,,,101.0,STREET,,,IC,Invest Cont,341.0,,,,700 W  EXPOSITION                   BL,,34.0183,-118.2832,2025
251904115,2025-02-11,02/10/2025 12:00:00 AM,1415,19,Mission,1994,2,940,EXTORTION,1258 0337,13,M,H,104.0,DRIVEWAY,,,IC,Invest Cont,940.0,,,,15000    ROSCOE                       BL,,34.2215,-118.4592,2025
251904073,2025-01-27,01/24/2025 12:00:00 AM,1500,19,Mission,1907,2,745,VANDALISM - MISDEAMEANOR ($399 OR UNDER),1822 0329 1602,0,F,H,704.0,ELEMENTARY SCHOOL,,,IC,Invest Cont,745.0,,,,13000    HARDING                      ST,,34.303,-118.421,2025
250304091,2025-01-27,01/27/2025 12:00:00 AM,1830,3,Southwest,358,1,522,"VEHICLE, STOLEN - OTHER (MOTORIZED SCOOTERS, BIKES, ETC)",,0,,,101.0,STREET,,,IC,Invest Cont,522.0,,,,3400 S  FIGUEROA                     ST,,34.0215,-118.2868,2025
250504069,2025-01-21,01/14/2025 12:00:00 AM,1955,5,Harbor,523,1,341,"THEFT-GRAND ($950.01 & OVER)EXCPT,GUNS,FOWL,LIVESTK,PROD",,0,,,101.0,STREET,,,IC,Invest Cont,341.0,,,,2000    JOHN S GIBSON                BL,,33.7566,-118.2896,2025
251104088,2025-02-02,01/30/2025 12:00:00 AM,1730,11,Northeast,1101,1,330,BURGLARY FROM VEHICLE,0344 1302 1307,25,F,A,109.0,PARK/PLAYGROUND,,,IC,Invest Cont,330.0,,,,2800 E  OBSERVATORY                  RD,,34.1192,-118.3004,2025
250304124,2025-02-03,01/28/2025 12:00:00 AM,1700,3,Southwest,328,1,510,VEHICLE - STOLEN,,0,,,502.0,"MULTI-UNIT DWELLING (APARTMENT, DUPLEX, ETC)",,,IC,Invest Cont,510.0,,,,3000 S  ROYAL                        ST,,34.0263,-118.2808,2025
250504068,2025-01-21,01/15/2025 12:00:00 AM,2242,5,Harbor,527,1,341,"THEFT-GRAND ($950.01 & OVER)EXCPT,GUNS,FOWL,LIVESTK,PROD",,0,,,101.0,STREET,,,IC,Invest Cont,341.0,,,,600 W  HARRY BRIDGE                 BL,,33.7626,-118.2687,2025
250504154,2025-02-11,01/29/2025 12:00:00 AM,2122,5,Harbor,523,1,341,"THEFT-GRAND ($950.01 & OVER)EXCPT,GUNS,FOWL,LIVESTK,PROD",,0,,,101.0,STREET,,,IC,Invest Cont,341.0,,,,2000    JOHN S GIBSON                BL,,33.7566,-118.2896,2025
250504128,2025-02-06,02/06/2025 12:00:00 AM,30,5,Harbor,523,1,341,"THEFT-GRAND ($950.01 & OVER)EXCPT,GUNS,FOWL,LIVESTK,PROD",,0,,,101.0,STREET,,,IC,Invest Cont,341.0,,,,2000    JOHN S GIBSON                BL,,33.7566,-118.2896,2025
250304164,2025-02-10,02/04/2025 12:00:00 AM,1645,3,Southwest,338,1,522,"VEHICLE, STOLEN - OTHER (MOTORIZED SCOOTERS, BIKES, ETC)",,0,,,101.0,STREET,,,IC,Invest Cont,522.0,,,,MCCLINTOCK                   AV,JEFFERSON                    BL,34.0252,-118.287,2025
250404055,2025-01-24,01/24/2025 12:00:00 AM,1020,4,Hollenbeck,467,2,624,BATTERY - SIMPLE ASSAULT,0416 0400,18,M,H,721.0,HIGH SCHOOL,400.0,"STRONG-ARM (HANDS, FIST, FEET OR BODILY FORCE)",IC,Invest Cont,624.0,,,,400 S  MATHEWS                      ST,,34.0401,-118.2107,2025
251404220,2025-02-05,02/04/2025 12:00:00 AM,2140,14,Pacific,1495,1,510,VEHICLE - STOLEN,,0,,,101.0,STREET,,,IC,Invest Cont,510.0,,,,6100    WESTCHESTER PKWY,,33.9526,-118.3893,2025
251804110,2025-02-04,02/03/2025 12:00:00 AM,2230,18,Southeast,1822,1,648,ARSON,1501 0329 1822,0,X,X,704.0,ELEMENTARY SCHOOL,,,IC,Invest Cont,648.0,,,,400 W  98TH                         ST,,33.9472,-118.2802,2025
250304141,2025-02-06,01/31/2025 12:00:00 AM,925,3,Southwest,392,1,341,"THEFT-GRAND ($950.01 & OVER)EXCPT,GUNS,FOWL,LIVESTK,PROD",1822 0344,24,X,X,721.0,HIGH SCHOOL,,,IC,Invest Cont,341.0,,,,5000    11TH                         AV,,33.9977,-118.3294,2025
251004112,2025-01-16,01/02/2025 12:00:00 AM,800,10,West Valley,1049,2,949,ILLEGAL DUMPING,1822,0,M,W,109.0,PARK/PLAYGROUND,,,IC,Invest Cont,949.0,,,,6300    WOODLEY                      AV,,34.1822,-118.4836,2025
250504149,2025-02-10,01/27/2025 12:00:00 AM,2034,5,Harbor,559,1,510,VEHICLE - STOLEN,,0,,,101.0,STREET,,,IC,Invest Cont,510.0,,,,300    TERMINAL                     WY,,33.7408,-118.2678,2025
250404077,2025-02-07,02/07/2025 12:00:00 AM,900,4,Hollenbeck,467,1,230,"ASSAULT WITH DEADLY WEAPON, AGGRAVATED ASSAULT",1259 0302 1251,17,M,H,721.0,HIGH SCHOOL,102.0,HAND GUN,IC,Invest Cont,230.0,,,,400 S  MATHEWS                      ST,,34.0401,-118.2107,2025
250504099,2025-01-30,01/17/2025 12:00:00 AM,38,5,Harbor,527,1,341,"THEFT-GRAND ($950.01 & OVER)EXCPT,GUNS,FOWL,LIVESTK,PROD",,0,,,705.0,SLIPS/DOCK/MARINA/BOAT,,,IC,Invest Cont,341.0,,,,600 W  HARRY BRIDGES                BL,,33.7709,-118.2683,2025
250304117,2025-02-02,02/01/2025 12:00:00 AM,1600,3,Southwest,328,1,522,"VEHICLE, STOLEN - OTHER (MOTORIZED SCOOTERS, BIKES, ETC)",,0,,,101.0,STREET,,,IC,Invest Cont,522.0,,,,2600    PORTLAND                     ST,,34.0309,-118.2821,2025
251704104,2025-02-04,01/31/2025 12:00:00 AM,1430,17,Devonshire,1717,1,341,"THEFT-GRAND ($950.01 & OVER)EXCPT,GUNS,FOWL,LIVESTK,PROD",0344,0,X,X,721.0,HIGH SCHOOL,,,IC,Invest Cont,341.0,,,,11200    GOTHIC                       AV,,34.2737,-118.4887,2025
250304097,2025-01-28,01/27/2025 12:00:00 AM,1600,3,Southwest,338,1,522,"VEHICLE, STOLEN - OTHER (MOTORIZED SCOOTERS, BIKES, ETC)",,0,,,101.0,STREET,,,IC,Invest Cont,522.0,,,,3100    MCCLINTOCK                   AV,,34.0274,-118.285,2025
251204103,2025-01-22,01/21/2025 12:00:00 AM,500,12,77th Street,1259,1,510,VEHICLE - STOLEN,,0,,,101.0,STREET,,,IC,Invest Cont,510.0,,,,7800    MCKINLEY                     AV,,33.9685,-118.2608,2025
250504005,2025-01-03,01/02/2025 12:00:00 AM,2230,5,Harbor,529,1,510,VEHICLE - STOLEN,,0,,,108.0,PARKING LOT,,,IC,Invest Cont,510.0,,,,1300    ANCHORAGE                    RD,,33.7668,-118.243,2025
250304099,2025-01-28,01/27/2025 12:00:00 AM,1900,3,Southwest,357,1,510,VEHICLE - STOLEN,,0,,,501.0,SINGLE FAMILY DWELLING,,,IC,Invest Cont,510.0,,,,1300 W  35TH                         PL,,34.0237,-118.2977,2025
250104113,2025-01-24,01/24/2025 12:00:00 AM,1600,1,Central,192,2,237,CHILD NEGLECT (SEE 300 W.I.C.),1258,4,F,H,701.0,HOSPITAL,,,IC,Invest Cont,237.0,,,,1400 S  GRAND                        AV,,34.0372,-118.2654,2025
251104091,2025-02-03,02/02/2025 12:00:00 AM,1315,11,Northeast,1132,1,331,THEFT FROM MOTOR VEHICLE - GRAND ($950.01 AND OVER),0344,22,M,B,109.0,PARK/PLAYGROUND,,,IC,Invest Cont,331.0,,,,3400    RIVERSIDE                    DR,,34.1161,-118.271,2025
250504137,2025-02-10,02/05/2025 12:00:00 AM,1430,5,Harbor,523,1,341,"THEFT-GRAND ($950.01 & OVER)EXCPT,GUNS,FOWL,LIVESTK,PROD",,0,,,101.0,STREET,,,IC,Invest Cont,341.0,,,,2000    JOHN S GIBSON                BL,,33.7566,-118.2896,2025
251704106,2025-02-04,01/31/2025 12:00:00 AM,1430,17,Devonshire,1717,1,341,"THEFT-GRAND ($950.01 & OVER)EXCPT,GUNS,FOWL,LIVESTK,PROD",0344,0,X,X,721.0,HIGH SCHOOL,,,IC,Invest Cont,341.0,,,,11200    GOTHIC                       AV,,34.2737,-118.4887,2025
250504129,2025-02-06,02/06/2025 12:00:00 AM,30,5,Harbor,523,1,341,"THEFT-GRAND ($950.01 & OVER)EXCPT,GUNS,FOWL,LIVESTK,PROD",,0,,,101.0,STREET,,,IC,Invest Cont,341.0,,,,2000    JOHN S GIBSON                BL,,33.7566,-118.2896,2025
250504106,2025-01-31,01/30/2025 12:00:00 AM,1620,5,Harbor,563,2,860,BATTERY WITH SEXUAL CONTACT,1251 1259 0913 1824 2024 0448,15,F,H,101.0,STREET,400.0,"STRONG-ARM (HANDS, FIST, FEET OR BODILY FORCE)",IC,Invest Cont,860.0,,,,17TH,PACIFIC,33.7288,-118.288,2025
250904026,2025-01-07,01/07/2025 12:00:00 AM,1025,9,Van Nuys,923,2,624,BATTERY - SIMPLE ASSAULT,0416 1259,17,M,A,721.0,HIGH SCHOOL,400.0,"STRONG-ARM (HANDS, FIST, FEET OR BODILY FORCE)",IC,Invest Cont,624.0,,,,6500    CEDROS                       AV,,34.1887,-118.4531,2025
250504064,2025-01-21,01/15/2025 12:00:00 AM,1713,5,Harbor,527,1,341,"THEFT-GRAND ($950.01 & OVER)EXCPT,GUNS,FOWL,LIVESTK,PROD",,0,,,101.0,STREET,,,IC,Invest Cont,341.0,,,,600 W  HARRY BRIDGE                 BL,,33.7626,-118.2687,2025
251804112,2025-02-06,02/06/2025 12:00:00 AM,1540,18,Southeast,1864,2,946,OTHER MISCELLANEOUS CRIME,9999,0,X,X,726.0,POLICE FACILITY,,,IC,Invest Cont,946.0,,,,100 W  108TH                        ST,,33.927,-118.258,2025
250304118,2025-02-02,01/31/2025 12:00:00 AM,1730,3,Southwest,358,1,522,"VEHICLE, STOLEN - OTHER (MOTORIZED SCOOTERS, BIKES, ETC)",,0,,,101.0,STREET,,,IC,Invest Cont,522.0,,,,3700    MCCLINTOCK                   AV,,34.0197,-118.2905,2025
250304147,2025-02-08,02/08/2025 12:00:00 AM,1849,3,Southwest,338,1,522,"VEHICLE, STOLEN - OTHER (MOTORIZED SCOOTERS, BIKES, ETC)",,0,,,101.0,STREET,,,IC,Invest Cont,522.0,,,,1200 W  29TH                         ST,,34.0284,-118.2866,2025
250504101,2025-01-30,01/13/2025 12:00:00 AM,2205,5,Harbor,527,1,341,"THEFT-GRAND ($950.01 & OVER)EXCPT,GUNS,FOWL,LIVESTK,PROD",,0,,,705.0,SLIPS/DOCK/MARINA/BOAT,,,IC,Invest Cont,341.0,,,,600 W  HARRY BRIDGES                BL,,33.7709,-118.2683,2025
251204039,2025-01-01,01/01/2025 12:00:00 AM,1600,12,77th Street,1258,2,946,OTHER MISCELLANEOUS CRIME,,0,X,X,726.0,POLICE FACILITY,,,IC,Invest Cont,946.0,,,,7600 S  BROADWAY,,33.9708,-118.2783,2025
251604004,2025-01-02,01/02/2025 12:00:00 AM,1020,16,Foothill,1634,1,648,ARSON,1402 2004,29,M,H,109.0,PARK/PLAYGROUND,,,IC,Invest Cont,648.0,998.0,,,10900    DRONFIELD                    AV,,34.2707,-118.3943,2025
251104105,2025-02-09,02/09/2025 12:00:00 AM,1345,11,Northeast,1101,2,624,BATTERY - SIMPLE ASSAULT,0356,0,X,X,109.0,PARK/PLAYGROUND,400.0,"STRONG-ARM (HANDS, FIST, FEET OR BODILY FORCE)",IC,Invest Cont,624.0,,,,2800 E  OBSERVATORY                  RD,,34.1192,-118.3004,2025
250204086,2025-01-27,01/27/2025 12:00:00 AM,1300,2,Rampart,249,2,930,CRIMINAL THREATS - NO WEAPON DISPLAYED,0913 1817 0421,70,F,B,501.0,SINGLE FAMILY DWELLING,511.0,VERBAL THREAT,IC,Invest Cont,930.0,,,,300 S  BEAUDRY                      AV,,34.0562,-118.257,2025
250804132,2025-01-22,01/22/2025 12:00:00 AM,1330,8,West LA,834,2,930,CRIMINAL THREATS - NO WEAPON DISPLAYED,1501 1822,0,X,X,704.0,ELEMENTARY SCHOOL,511.0,VERBAL THREAT,IC,Invest Cont,930.0,,,,1400    FAIRBURN                     AV,,34.0597,-118.4312,2025
250804170,2025-01-31,01/31/2025 12:00:00 AM,1000,8,West LA,842,2,624,BATTERY - SIMPLE ASSAULT,0342 2024 0446 1259,17,F,H,721.0,HIGH SCHOOL,400.0,"STRONG-ARM (HANDS, FIST, FEET OR BODILY FORCE)",IC,Invest Cont,624.0,,,,11800    TEXAS                        AV,,34.0458,-118.4614,2025
250304075,2025-01-22,01/22/2025 12:00:00 AM,1850,3,Southwest,396,1,510,VEHICLE - STOLEN,,0,,,101.0,STREET,,,IC,Invest Cont,510.0,,,,VERNON                       AV,HOOVER                       ST,34.0037,-118.2872,2025
250304116,2025-02-02,01/24/2025 12:00:00 AM,2230,3,Southwest,358,1,522,"VEHICLE, STOLEN - OTHER (MOTORIZED SCOOTERS, BIKES, ETC)",,0,,,101.0,STREET,,,IC,Invest Cont,522.0,,,,600    HELLMAN                      WY,,34.0197,-118.2815,2025
251404229,2025-02-08,02/03/2025 12:00:00 AM,900,14,Pacific,1495,1,522,"VEHICLE, STOLEN - OTHER (MOTORIZED SCOOTERS, BIKES, ETC)",,0,,,108.0,PARKING LOT,,,IC,Invest Cont,522.0,,,,6200 W  96TH                         ST,,33.9523,-118.3906,2025
251904072,2025-01-27,01/24/2025 12:00:00 AM,2230,19,Mission,1966,1,341,"THEFT-GRAND ($950.01 & OVER)EXCPT,GUNS,FOWL,LIVESTK,PROD",1822 0344 1602 0397,36,M,H,704.0,ELEMENTARY SCHOOL,,,IC,Invest Cont,341.0,,,,9300    MOONBEAM                     AV,,34.2399,-118.445,2025
251504175,2025-02-06,02/06/2025 12:00:00 AM,1559,15,N Hollywood,1524,2,813,CHILD ANNOYING (17YRS & UNDER),1258 1251,14,F,H,101.0,STREET,,,IC,Invest Cont,813.0,,,,6500    LAUREL CANYON                BL,,34.1869,-118.3987,2025
250804126,2025-01-21,01/21/2025 12:00:00 AM,816,8,West LA,853,1,341,"THEFT-GRAND ($950.01 & OVER)EXCPT,GUNS,FOWL,LIVESTK,PROD",0329 1822,0,X,X,704.0,ELEMENTARY SCHOOL,,,IC,Invest Cont,341.0,,,,1700    CORINTH                      AV,,34.0448,-118.4484,2025
250504146,2025-02-10,02/05/2025 12:00:00 AM,1430,5,Harbor,523,1,341,"THEFT-GRAND ($950.01 & OVER)EXCPT,GUNS,FOWL,LIVESTK,PROD",,0,,,101.0,STREET,,,IC,Invest Cont,341.0,,,,2000    JOHN S GIBSON                BL,,33.7566,-118.2896,2025
251504149,2025-01-28,01/24/2025 12:00:00 AM,1420,15,N Hollywood,1545,1,230,"ASSAULT WITH DEADLY WEAPON, AGGRAVATED ASSAULT",1259 0411,16,F,H,721.0,HIGH SCHOOL,207.0,OTHER KNIFE,IC,Invest Cont,230.0,,,,5200    COLFAX                       AV,,34.1649,-118.3921,2025
250504143,2025-02-10,02/05/2025 12:00:00 AM,1930,5,Harbor,523,1,341,"THEFT-GRAND ($950.01 & OVER)EXCPT,GUNS,FOWL,LIVESTK,PROD",,0,,,101.0,STREET,,,IC,Invest Cont,341.0,,,,2000    JOHN S GIBSON                BL,,33.7566,-118.2896,2025
250504072,2025-01-21,01/16/2025 12:00:00 AM,2358,5,Harbor,527,1,341,"THEFT-GRAND ($950.01 & OVER)EXCPT,GUNS,FOWL,LIVESTK,PROD",,0,,,101.0,STREET,,,IC,Invest Cont,341.0,,,,600 W  HARRY BRIDGE                 BL,,33.7626,-118.2687,2025
250504131,2025-02-07,01/08/2025 12:00:00 AM,700,5,Harbor,559,1,341,"THEFT-GRAND ($950.01 & OVER)EXCPT,GUNS,FOWL,LIVESTK,PROD",,0,,,101.0,STREET,,,IC,Invest Cont,341.0,,,,300    TERMINAL                     WY,,33.7408,-118.2678,2025
250504070,2025-01-21,01/16/2025 12:00:00 AM,2225,5,Harbor,527,1,341,"THEFT-GRAND ($950.01 & OVER)EXCPT,GUNS,FOWL,LIVESTK,PROD",,0,,,101.0,STREET,,,IC,Invest Cont,341.0,,,,600 W  HARRY BRIDGE                 BL,,33.7626,-118.2687,2025
251604088,2025-02-07,02/07/2025 12:00:00 AM,1311,16,Foothill,1633,2,740,"VANDALISM - FELONY ($400 & OVER, ALL CHURCH VANDALISMS)",0329 1300,31,M,H,122.0,"VEHICLE, PASSENGER/TRUCK",400.0,"STRONG-ARM (HANDS, FIST, FEET OR BODILY FORCE)",IC,Invest Cont,740.0,,,,OSBORNE,GLENOAKS,34.2647,-118.4019,2025
250304089,2025-01-27,01/26/2025 12:00:00 AM,1600,3,Southwest,358,1,522,"VEHICLE, STOLEN - OTHER (MOTORIZED SCOOTERS, BIKES, ETC)",,0,,,101.0,STREET,,,IC,Invest Cont,522.0,,,,3700    MCCLINTOCK                   AV,,34.0197,-118.2905,2025
250304128,2025-02-04,01/27/2025 12:00:00 AM,1600,3,Southwest,338,1,510,VEHICLE - STOLEN,,0,,,108.0,PARKING LOT,,,IC,Invest Cont,510.0,,,,3100    MCCLINTOCK                   AV,,34.0274,-118.285,2025
250304113,2025-02-01,02/01/2025 12:00:00 AM,1406,3,Southwest,358,1,522,"VEHICLE, STOLEN - OTHER (MOTORIZED SCOOTERS, BIKES, ETC)",,0,,,101.0,STREET,,,IC,Invest Cont,522.0,,,,3600    MCCLINTOCK                   AV,,34.0212,-118.2895,2025
250304134,2025-02-05,02/05/2025 12:00:00 AM,800,3,Southwest,358,1,510,VEHICLE - STOLEN,,0,,,101.0,STREET,,,IC,Invest Cont,510.0,,,,3500    TROUSDALE PKWY,,34.0216,-118.2844,2025
251404193,2025-01-26,01/26/2025 12:00:00 AM,1,14,Pacific,1495,1,510,VEHICLE - STOLEN,,0,,,108.0,PARKING LOT,,,IC,Invest Cont,510.0,,,,6100    WESTCHESTER PARKWAY,,33.9526,-118.3893,2025
251704069,2025-01-28,01/28/2025 12:00:00 AM,1000,17,Devonshire,1774,2,624,BATTERY - SIMPLE ASSAULT,0400 1824 1259,16,M,H,721.0,HIGH SCHOOL,400.0,"STRONG-ARM (HANDS, FIST, FEET OR BODILY FORCE)",IC,Invest Cont,624.0,,,,9600    ZELZAH                       AV,,34.245,-118.5233,2025
250304138,2025-02-06,02/06/2025 12:00:00 AM,200,3,Southwest,356,1,510,VEHICLE - STOLEN,,0,,,101.0,STREET,,,IC,Invest Cont,510.0,,,,1400 W  36TH                         PL,,34.0219,-118.3002,2025
250304167,2025-02-11,02/07/2025 12:00:00 AM,2115,3,Southwest,357,1,510,VEHICLE - STOLEN,,0,,,102.0,SIDEWALK,,,IC,Invest Cont,510.0,,,,1000    EXPOSITION                   BL,,34.0184,-118.2952,2025
251104010,2025-01-03,01/02/2025 12:00:00 AM,957,11,Northeast,1101,2,624,BATTERY - SIMPLE ASSAULT,0416,25,F,H,109.0,PARK/PLAYGROUND,400.0,"STRONG-ARM (HANDS, FIST, FEET OR BODILY FORCE)",IC,Invest Cont,624.0,,,,2300    FERN DELL                    DR,,34.1174,-118.307,2025
250504095,2025-01-30,01/21/2025 12:00:00 AM,123,5,Harbor,527,1,341,"THEFT-GRAND ($950.01 & OVER)EXCPT,GUNS,FOWL,LIVESTK,PROD",,0,,,705.0,SLIPS/DOCK/MARINA/BOAT,,,IC,Invest Cont,341.0,,,,600 W  HARRY BRIDGE                 BL,,33.7626,-118.2687,2025
250304150,2025-02-08,02/08/2025 12:00:00 AM,1900,3,Southwest,358,1,522,"VEHICLE, STOLEN - OTHER (MOTORIZED SCOOTERS, BIKES, ETC)",,0,,,101.0,STREET,,,IC,Invest Cont,522.0,,,,600 W  34TH                         ST,,34.0212,-118.2805,2025
250304146,2025-02-07,02/07/2025 12:00:00 AM,1640,3,Southwest,359,1,510,VEHICLE - STOLEN,,0,,,101.0,STREET,,,IC,Invest Cont,510.0,,,,600    EXPOSITION                   BL,,34.0184,-118.2815,2025
251704062,2025-01-15,01/15/2025 12:00:00 AM,750,17,Devonshire,1774,2,850,INDECENT EXPOSURE,0529 0323,17,F,H,108.0,PARKING LOT,,,IC,Invest Cont,850.0,,,,9600    ZELZAH                       AV,,34.245,-118.5233,2025
250304087,2025-01-27,01/26/2025 12:00:00 AM,1830,3,Southwest,328,1,522,"VEHICLE, STOLEN - OTHER (MOTORIZED SCOOTERS, BIKES, ETC)",,0,,,108.0,PARKING LOT,,,IC,Invest Cont,522.0,,,,3000 S  ROYAL                        ST,,34.0263,-118.2808,2025
251804121,2025-02-06,01/16/2025 12:00:00 AM,1500,18,Southeast,1822,1,440,THEFT PLAIN - PETTY ($950 & UNDER),1822 0344,0,X,X,704.0,ELEMENTARY SCHOOL,,,IC,Invest Cont,440.0,,,,400 W  98TH                         ST,,33.9472,-118.2802,2025
251704039,2025-01-14,01/14/2025 12:00:00 AM,1600,17,Devonshire,1745,2,624,BATTERY - SIMPLE ASSAULT,0416 1259 2024 0419 0429 0913 1817 1251,16,F,W,721.0,HIGH SCHOOL,400.0,"STRONG-ARM (HANDS, FIST, FEET OR BODILY FORCE)",IC,Invest Cont,624.0,,,,10500    ZELZAH                       AV,,34.2613,-118.5234,2025
251804109,2025-02-05,02/05/2025 12:00:00 AM,1130,18,Southeast,1801,2,745,VANDALISM - MISDEAMEANOR ($399 OR UNDER),1822 0311 0329 0327 1300,0,X,X,704.0,ELEMENTARY SCHOOL,,,IC,Invest Cont,745.0,,,,8600    BARING CROSS                 ST,,33.96,-118.2894,2025
251304103,2025-02-03,01/31/2025 12:00:00 AM,1800,13,Newton,1313,2,740,"VANDALISM - FELONY ($400 & OVER, ALL CHURCH VANDALISMS)",1402,0,M,O,101.0,STREET,,,IC,Invest Cont,740.0,998.0,,,600 E  15TH                         ST,,34.0312,-118.2564,2025
250304106,2025-01-30,01/26/2025 12:00:00 AM,125,3,Southwest,358,1,510,VEHICLE - STOLEN,,0,,,101.0,STREET,,,IC,Invest Cont,510.0,,,,1000 W  34TH                         ST,,34.0243,-118.2876,2025
250504024,2025-01-06,01/03/2025 12:00:00 AM,1500,5,Harbor,569,1,310,BURGLARY,0344 1300 1402,46,M,B,203.0,OTHER BUSINESS,,,IC,Invest Cont,310.0,998.0,,,2400 S  SIGNAL                       ST,,33.7204,-118.2724,2025
250504144,2025-02-10,02/05/2025 12:00:00 AM,1930,5,Harbor,523,1,341,"THEFT-GRAND ($950.01 & OVER)EXCPT,GUNS,FOWL,LIVESTK,PROD",,0,,,101.0,STREET,,,IC,Invest Cont,341.0,,,,2000    JOHN S GIBSON                BL,,33.7566,-118.2896,2025
251704073,2025-01-31,01/31/2025 12:00:00 AM,1621,17,Devonshire,1752,1,450,THEFT FROM PERSON - ATTEMPT,0344,16,M,H,721.0,HIGH SCHOOL,,,IC,Invest Cont,450.0,,,,10000    LURLINE                      AV,,34.2536,-118.5913,2025
250504102,2025-01-30,01/02/2025 12:00:00 AM,2257,5,Harbor,527,1,341,"THEFT-GRAND ($950.01 & OVER)EXCPT,GUNS,FOWL,LIVESTK,PROD",,0,,,705.0,SLIPS/DOCK/MARINA/BOAT,,,IC,Invest Cont,341.0,,,,600 W  HARRY BRIDGES                BL,,33.7709,-118.2683,2025
250504103,2025-01-30,01/22/2025 12:00:00 AM,308,5,Harbor,559,1,341,"THEFT-GRAND ($950.01 & OVER)EXCPT,GUNS,FOWL,LIVESTK,PROD",,0,,,705.0,SLIPS/DOCK/MARINA/BOAT,,,IC,Invest Cont,341.0,,,,600    TERMINAL                     WY,,33.743,-118.2625,2025
250504140,2025-02-10,02/06/2025 12:00:00 AM,30,5,Harbor,523,1,341,"THEFT-GRAND ($950.01 & OVER)EXCPT,GUNS,FOWL,LIVESTK,PROD",,0,,,101.0,STREET,,,IC,Invest Cont,341.0,,,,2000    JOHN S GIBSON                BL,,33.7566,-118.2896,2025
250504127,2025-02-06,02/06/2025 12:00:00 AM,1400,5,Harbor,523,1,341,"THEFT-GRAND ($950.01 & OVER)EXCPT,GUNS,FOWL,LIVESTK,PROD",,0,,,101.0,STREET,,,IC,Invest Cont,341.0,,,,2000    JOHN S GIBSON                BL,,33.7566,-118.2896,2025
250304125,2025-02-03,01/30/2025 12:00:00 AM,1930,3,Southwest,308,1,510,VEHICLE - STOLEN,,0,,,108.0,PARKING LOT,,,IC,Invest Cont,510.0,,,,1000 W  24TH                         ST,,34.0334,-118.2821,2025
250304135,2025-02-06,02/05/2025 12:00:00 AM,1700,3,Southwest,338,1,510,VEHICLE - STOLEN,,0,,,101.0,STREET,,,IC,Invest Cont,510.0,,,,900 W  JEFFERSON                    BL,,34.0242,-118.2849,2025
250304159,2025-02-09,02/08/2025 12:00:00 AM,1430,3,Southwest,327,1,522,"VEHICLE, STOLEN - OTHER (MOTORIZED SCOOTERS, BIKES, ETC)",,0,,,101.0,STREET,,,IC,Invest Cont,522.0,,,,1200 W  29TH                         ST,,34.0305,-118.2865,2025
250304073,2025-01-21,01/19/2025 12:00:00 AM,1719,3,Southwest,325,1,522,"VEHICLE, STOLEN - OTHER (MOTORIZED SCOOTERS, BIKES, ETC)",,0,,,101.0,STREET,,,IC,Invest Cont,522.0,,,,2600 S  CATALINA                     ST,,34.0328,-118.2942,2025
250800501,2025-02-06,02/06/2025 12:00:00 AM,1002,8,West LA,898,1,230,"ASSAULT WITH DEADLY WEAPON, AGGRAVATED ASSAULT",0342 2024 0446 0913,17,M,H,721.0,HIGH SCHOOL,400.0,"STRONG-ARM (HANDS, FIST, FEET OR BODILY FORCE)",IC,Invest Cont,230.0,,,,2900 S  ROBERTSON                    BL,,34.0348,-118.3893,2025
251404201,2025-01-29,01/26/2025 12:00:00 AM,630,14,Pacific,1494,1,510,VEHICLE - STOLEN,,0,,,101.0,STREET,,,IC,Invest Cont,510.0,,,,400    WORLD WY,,33.9455,-118.4,2025
250504066,2025-01-21,01/16/2025 12:00:00 AM,221,5,Harbor,527,1,341,"THEFT-GRAND ($950.01 & OVER)EXCPT,GUNS,FOWL,LIVESTK,PROD",,0,,,101.0,STREET,,,IC,Invest Cont,341.0,,,,600 W  HARRY BRIDGE                 BL,,33.7626,-118.2687,2025
250304059,2025-01-16,01/16/2025 12:00:00 AM,1200,3,Southwest,338,1,522,"VEHICLE, STOLEN - OTHER (MOTORIZED SCOOTERS, BIKES, ETC)",,0,,,121.0,YARD (RESIDENTIAL/BUSINESS),,,IC,Invest Cont,522.0,,,,3100    MCCLINTOCK                   AV,,34.0274,-118.285,2025
250304148,2025-02-08,02/06/2025 12:00:00 AM,2215,3,Southwest,325,1,522,"VEHICLE, STOLEN - OTHER (MOTORIZED SCOOTERS, BIKES, ETC)",,0,,,101.0,STREET,,,IC,Invest Cont,522.0,,,,2600 S  CATALINA                     ST,,34.0328,-118.2942,2025
251304095,2025-01-31,01/30/2025 12:00:00 AM,1554,13,Newton,1372,2,850,INDECENT EXPOSURE,,16,F,H,101.0,STREET,,,IC,Invest Cont,850.0,,,,300 E  53RD                         ST,,33.9942,-118.2701,2025
250304031,2025-01-07,01/02/2025 12:00:00 AM,1832,3,Southwest,312,1,442,SHOPLIFTING - PETTY THEFT ($950 & UNDER),0325 0104,24,X,X,203.0,OTHER BUSINESS,,,IC,Invest Cont,442.0,,,,5100 W  JEFFERSON                    BL,,34.0255,-118.3549,2025
250504138,2025-02-10,02/06/2025 12:00:00 AM,30,5,Harbor,523,1,341,"THEFT-GRAND ($950.01 & OVER)EXCPT,GUNS,FOWL,LIVESTK,PROD",,0,,,101.0,STREET,,,IC,Invest Cont,341.0,,,,2000    JOHN S GIBSON                BL,,33.7566,-118.2896,2025
251004092,2025-01-25,01/24/2025 12:00:00 AM,1240,10,West Valley,1008,1,331,THEFT FROM MOTOR VEHICLE - GRAND ($950.01 AND OVER),1822 0344 0385,68,M,O,108.0,PARKING LOT,,,IC,Invest Cont,331.0,,,,7600    WOODLEY                      AV,,34.2085,-118.4837,2025
251704066,2025-01-17,01/17/2025 12:00:00 AM,1600,17,Devonshire,1774,2,624,BATTERY - SIMPLE ASSAULT,0400 1259 1822 0356,17,M,H,721.0,HIGH SCHOOL,400.0,"STRONG-ARM (HANDS, FIST, FEET OR BODILY FORCE)",IC,Invest Cont,624.0,,,,9600    ZELZAH                       AV,,34.245,-118.5233,2025
251104089,2025-02-02,01/30/2025 12:00:00 AM,1730,11,Northeast,1101,1,330,BURGLARY FROM VEHICLE,0344 1302 1307,32,F,H,109.0,PARK/PLAYGROUND,,,IC,Invest Cont,330.0,,,,2800 E  OBSERVATORY                  RD,,34.1192,-118.3004,2025
252104053,2025-01-19,01/17/2025 12:00:00 AM,1530,21,Topanga,2114,1,341,"THEFT-GRAND ($950.01 & OVER)EXCPT,GUNS,FOWL,LIVESTK,PROD",0344,0,M,W,720.0,JUNIOR HIGH SCHOOL,,,IC,Invest Cont,341.0,,,,22200    ELKWOOD                      ST,,34.2128,-118.6103,2025
250504051,2025-01-14,01/14/2025 12:00:00 AM,1250,5,Harbor,509,1,210,ROBBERY,1822 0344 1259,15,F,H,721.0,HIGH SCHOOL,400.0,"STRONG-ARM (HANDS, FIST, FEET OR BODILY FORCE)",IC,Invest Cont,210.0,,,,24300    WESTERN                      AV,,33.8046,-118.3074,2025
